Model,Accuracy,Precision,Recall,F1,ROC_AUC
Logistic Regression,0.8435114503816794,0.797979797979798,0.79,0.7939698492462312,0.8837037037037037
Decision Tree,0.767175572519084,0.6857142857142857,0.72,0.702439024390244,0.7649074074074074
Random Forest,0.8473282442748091,0.8125,0.78,0.7959183673469388,0.8934876543209875
Gradient Boosting,0.8320610687022901,0.8111111111111111,0.73,0.768421052631579,0.8858024691358025
