Model,Accuracy,Precision,Recall,F1-score,ROC-AUC
Logistic Regression,0.828,0.4,0.011695906432748537,0.022727272727272728,0.7698417737145437
Random Forest,0.828,0.0,0.0,0.0,0.7659866392962704
XGBoost,0.823,0.40625,0.07602339181286549,0.12807881773399013,0.7423444014136669
